{
  "0": {
    "loop_mse": {
      "mean": 0.010494489145154754,
      "std": 0.007330808863892204,
      "count": 6
    },
    "temporal_std": {
      "mean": 0.08726740193863709,
      "std": 0.03901037266003246,
      "count": 6
    },
    "loop_lpips": {
      "mean": 0.2035131355126699,
      "std": 0.07632403361901564,
      "count": 6
    },
    "loop_ssim": {
      "mean": 0.7591645220915476,
      "std": 0.12111465495484124,
      "count": 6
    },
    "frame_psnr_mean": {
      "mean": 23.058848819515557,
      "std": 4.475712421482372,
      "count": 6
    },
    "frame_psnr_std": {
      "mean": 2.5406413718126095,
      "std": 0.9398234156377084,
      "count": 6
    },
    "frame_ssim_mean": {
      "mean": 0.8166268347135556,
      "std": 0.08076646616013775,
      "count": 6
    },
    "frame_ssim_std": {
      "mean": 0.04872654215494814,
      "std": 0.027923349711984777,
      "count": 6
    },
    "frame_lpips_mean": {
      "mean": 0.1371371942280116,
      "std": 0.059077420696896844,
      "count": 6
    },
    "frame_lpips_std": {
      "mean": 0.044400169320286315,
      "std": 0.03256379136393639,
      "count": 6
    }
  },
  "5": {
    "loop_mse": {
      "mean": 0.008579006903649619,
      "std": 0.00822877602285044,
      "count": 6
    },
    "temporal_std": {
      "mean": 0.08215625459949176,
      "std": 0.02938444023920578,
      "count": 6
    },
    "loop_lpips": {
      "mean": 0.15214729929963747,
      "std": 0.023892230065272295,
      "count": 6
    },
    "loop_ssim": {
      "mean": 0.8413906296094259,
      "std": 0.04687907106730607,
      "count": 6
    },
    "frame_psnr_mean": {
      "mean": 23.93821916340063,
      "std": 4.21794595812557,
      "count": 6
    },
    "frame_psnr_std": {
      "mean": 2.2166342700122903,
      "std": 0.6478643936137702,
      "count": 6
    },
    "frame_ssim_mean": {
      "mean": 0.8678651339088391,
      "std": 0.049174635831532976,
      "count": 6
    },
    "frame_ssim_std": {
      "mean": 0.03258654428111707,
      "std": 0.015105806863105439,
      "count": 6
    },
    "frame_lpips_mean": {
      "mean": 0.09964472006738574,
      "std": 0.027427974674310785,
      "count": 6
    },
    "frame_lpips_std": {
      "mean": 0.027764214559476533,
      "std": 0.008077619156328892,
      "count": 6
    }
  },
  "10": {
    "loop_mse": {
      "mean": 0.006122027135764559,
      "std": 0.0038720397644994397,
      "count": 6
    },
    "temporal_std": {
      "mean": 0.08324715060492356,
      "std": 0.03337748550028955,
      "count": 6
    },
    "loop_lpips": {
      "mean": 0.15857775261004767,
      "std": 0.05906268318543452,
      "count": 6
    },
    "loop_ssim": {
      "mean": 0.7935025294621786,
      "std": 0.10086661260503352,
      "count": 6
    },
    "frame_psnr_mean": {
      "mean": 23.81843692217981,
      "std": 4.4246477523323495,
      "count": 6
    },
    "frame_psnr_std": {
      "mean": 2.6454743400300527,
      "std": 1.0602651428242296,
      "count": 6
    },
    "frame_ssim_mean": {
      "mean": 0.8253354354231965,
      "std": 0.08349861876123173,
      "count": 6
    },
    "frame_ssim_std": {
      "mean": 0.051114231598140596,
      "std": 0.018401815355483464,
      "count": 6
    },
    "frame_lpips_mean": {
      "mean": 0.10256641891669312,
      "std": 0.04757337098696357,
      "count": 6
    },
    "frame_lpips_std": {
      "mean": 0.030880261989231897,
      "std": 0.010612555419833912,
      "count": 6
    }
  },
  "15": {
    "loop_mse": {
      "mean": 0.0074763367883861065,
      "std": 0.004595898301544744,
      "count": 6
    },
    "temporal_std": {
      "mean": 0.09991238328317802,
      "std": 0.048073027995499035,
      "count": 6
    },
    "loop_lpips": {
      "mean": 0.2189678226908048,
      "std": 0.07706900274452484,
      "count": 6
    },
    "loop_ssim": {
      "mean": 0.7850351333618164,
      "std": 0.09336627018114547,
      "count": 6
    },
    "frame_psnr_mean": {
      "mean": 23.364835061446495,
      "std": 4.5175810312227345,
      "count": 6
    },
    "frame_psnr_std": {
      "mean": 2.6121036233411385,
      "std": 1.047784500210995,
      "count": 6
    },
    "frame_ssim_mean": {
      "mean": 0.8171286378421035,
      "std": 0.07279041798014044,
      "count": 6
    },
    "frame_ssim_std": {
      "mean": 0.04938438967306121,
      "std": 0.022806818421022772,
      "count": 6
    },
    "frame_lpips_mean": {
      "mean": 0.1330175887659387,
      "std": 0.04798688417326706,
      "count": 6
    },
    "frame_lpips_std": {
      "mean": 0.04397032313939269,
      "std": 0.02108142926869771,
      "count": 6
    }
  },
  "20": {
    "loop_mse": {
      "mean": 0.011412968742661178,
      "std": 0.009655326265935514,
      "count": 6
    },
    "temporal_std": {
      "mean": 0.08889722513655822,
      "std": 0.047563206549488056,
      "count": 6
    },
    "loop_lpips": {
      "mean": 0.20938333123922348,
      "std": 0.05946957275800699,
      "count": 6
    },
    "loop_ssim": {
      "mean": 0.7758300999800364,
      "std": 0.10420094297408719,
      "count": 6
    },
    "frame_psnr_mean": {
      "mean": 23.357803815243656,
      "std": 3.763691066910651,
      "count": 6
    },
    "frame_psnr_std": {
      "mean": 2.4560879056149583,
      "std": 0.5158275081920232,
      "count": 6
    },
    "frame_ssim_mean": {
      "mean": 0.8445424546603283,
      "std": 0.0745786070442532,
      "count": 6
    },
    "frame_ssim_std": {
      "mean": 0.049830772804994185,
      "std": 0.027744814685579735,
      "count": 6
    },
    "frame_lpips_mean": {
      "mean": 0.09969628958055883,
      "std": 0.03672504249505434,
      "count": 6
    },
    "frame_lpips_std": {
      "mean": 0.034257480805139365,
      "std": 0.0152217338752159,
      "count": 6
    }
  }
}